INSERT INTO patients (name, gender, dob, phone, address) VALUES
('Emily Johnson', 'F', '1985-06-15', '555-2001', '123 Elm St'),
('Michael Davis', 'M', '1992-11-20', '555-2002', '456 Oak Ave'),
('Sophia Williams', 'F', '2000-03-05', '555-2003', '789 Pine Rd'),
('James Smith', 'M', '1978-02-17', '555-2004', '321 Maple St'),
('Olivia Brown', 'F', '1994-07-29', '555-2005', '654 Birch Ln'),
('William Jones', 'M', '1982-09-12', '555-2006', '987 Cedar Dr'),
('Ava Garcia', 'F', '1997-11-23', '555-2007', '135 Spruce Ct'),
('Benjamin Miller', 'M', '1989-04-08', '555-2008', '246 Chestnut St'),
('Isabella Martinez', 'F', '1991-01-19', '555-2009', '357 Walnut Ave'),
('Daniel Anderson', 'M', '1984-05-04', '555-2010', '468 Ash St'),
('Mia Thomas', 'F', '1996-10-13', '555-2011', '579 Poplar Rd'),
('Ethan Lee', 'M', '1990-03-26', '555-2012', '681 Sycamore Blvd'),
('Charlotte White', 'F', '1987-12-30', '555-2013', '792 Hickory Ln'),
('Alexander Harris', 'M', '1983-08-02', '555-2014', '804 Dogwood St'),
('Amelia Clark', 'F', '1993-09-15', '555-2015', '915 Magnolia Ct'),
('Henry Lewis', 'M', '1986-11-07', '555-2016', '102 Fir St'),
('Harper Robinson', 'F', '1995-04-21', '555-2017', '213 Redwood Dr'),
('Jack Walker', 'M', '1979-06-10', '555-2018', '324 Willow Way'),
('Evelyn Hall', 'F', '1988-07-18', '555-2019', '435 Beech Blvd'),
('Liam Allen', 'M', '1981-02-25', '555-2020', '546 Cypress St');

INSERT INTO doctors (name, specialization, phone) VALUES
('Dr. John Carter', 'Cardiology', '555-3010'),
('Dr. Sarah Nguyen', 'Neurology', '555-3011'),
('Dr. David Patel', 'Pediatrics', '555-3012'),
('Dr. Laura Kim', 'Orthopedics', '555-3013'),
('Dr. Mark Wilson', 'Oncology', '555-3014'),
('Dr. Jessica Adams', 'Dermatology', '555-3015'),
('Dr. Steven Parker', 'ENT', '555-3016'),
('Dr. Karen Wright', 'Gastroenterology', '555-3017'),
('Dr. Brian King', 'Endocrinology', '555-3018'),
('Dr. Rachel Scott', 'Psychiatry', '555-3019'),
('Dr. Anthony Green', 'Nephrology', '555-3020'),
('Dr. Megan Baker', 'Pulmonology', '555-3021'),
('Dr. Andrew Young', 'Rheumatology', '555-3022'),
('Dr. Nicole Hill', 'Ophthalmology', '555-3023'),
('Dr. Kevin Flores', 'Geriatrics', '555-3024'),
('Dr. Elizabeth Reed', 'Hematology', '555-3025'),
('Dr. Jason Torres', 'Urology', '555-3026'),
('Dr. Amanda Perry', 'Allergy & Immunology', '555-3027'),
('Dr. Charles Rivera', 'Plastic Surgery', '555-3028'),
('Dr. Kimberly Cox', 'Infectious Disease', '555-3029');

INSERT INTO appointments (patient_id, doctor_id, appointment_date, diagnosis) VALUES
(1, 1, '2024-01-01', 'Hypertension'),
(2, 2, '2024-01-02', 'Migraine'),
(3, 3, '2024-01-03', 'Fever'),
(4, 4, '2024-01-04', 'Fracture'),
(5, 5, '2024-01-05', 'Breast Cancer Screening'),
(6, 6, '2024-01-06', 'Skin Allergy'),
(7, 7, '2024-01-07', 'Ear Infection'),
(8, 8, '2024-01-08', 'Ulcer'),
(9, 9, '2024-01-09', 'Diabetes'),
(10, 10, '2024-01-10', 'Depression'),
(11, 11, '2024-01-11', 'Kidney Checkup'),
(12, 12, '2024-01-12', 'Asthma'),
(13, 13, '2024-01-13', 'Arthritis'),
(14, 14, '2024-01-14', 'Eye Exam'),
(15, 15, '2024-01-15', 'Geriatric Checkup'),
(16, 16, '2024-01-16', 'Anemia'),
(17, 17, '2024-01-17', 'Prostate Exam'),
(18, 18, '2024-01-18', 'Allergy Test'),
(19, 19, '2024-01-19', 'Cosmetic Consultation'),
(20, 20, '2024-01-20', 'Flu');

INSERT INTO treatments (appointment_id, treatment_description, medicine, cost) VALUES
(1, 'Blood Pressure Medication', 'Amlodipine', 50),
(2, 'Pain Relief', 'Sumatriptan', 30),
(3, 'Fever Reducer', 'Paracetamol', 25),
(4, 'Cast Application', 'Plaster', 100),
(5, 'Mammogram', 'N/A', 300),
(6, 'Antihistamine Cream', 'Hydrocortisone', 20),
(7, 'Antibiotic Drops', 'Ciprofloxacin', 15),
(8, 'Endoscopy', 'N/A', 250),
(9, 'Insulin Therapy', 'Insulin', 60),
(10, 'Counseling Session', 'N/A', 70),
(11, 'Dialysis', 'N/A', 500),
(12, 'Inhaler', 'Albuterol', 35),
(13, 'Anti-inflammatory', 'Naproxen', 45),
(14, 'Vision Test', 'N/A', 25),
(15, 'Vitamin Supplements', 'Multivitamins', 30),
(16, 'Iron Supplements', 'Ferrous Sulfate', 35),
(17, 'PSA Test', 'N/A', 40),
(18, 'Skin Prick Test', 'N/A', 80),
(19, 'Consultation', 'N/A', 200),
(20, 'Flu Shot', 'Influenza Vaccine', 50);

INSERT INTO bills (patient_id, total_amount, bill_date) VALUES
(1, 50, '2024-01-01'),
(2, 30, '2024-01-02'),
(3, 25, '2024-01-03'),
(4, 100, '2024-01-04'),
(5, 300, '2024-01-05'),
(6, 20, '2024-01-06'),
(7, 15, '2024-01-07'),
(8, 250, '2024-01-08'),
(9, 60, '2024-01-09'),
(10, 70, '2024-01-10'),
(11, 500, '2024-01-11'),
(12, 35, '2024-01-12'),
(13, 45, '2024-01-13'),
(14, 25, '2024-01-14'),
(15, 30, '2024-01-15'),
(16, 35, '2024-01-16'),
(17, 40, '2024-01-17'),
(18, 80, '2024-01-18'),
(19, 200, '2024-01-19'),
(20, 50, '2024-01-20');

SELECT * FROM patients