"appointment_id";"patient_id";"doctor_id";"appointment_date";"diagnosis"
1;1;1;"2025-07-01";"High Blood Pressure"
2;2;2;"2025-07-02";"Migraine"
3;3;3;"2025-07-03";"Fever"
4;1;1;"2025-07-10";"Routine Check-up"
5;1;1;"2024-01-01";"Hypertension"
6;2;2;"2024-01-02";"Migraine"
7;3;3;"2024-01-03";"Fever"
8;4;4;"2024-01-04";"Fracture"
9;5;5;"2024-01-05";"Breast Cancer Screening"
10;6;6;"2024-01-06";"Skin Allergy"
11;7;7;"2024-01-07";"Ear Infection"
12;8;8;"2024-01-08";"Ulcer"
13;9;9;"2024-01-09";"Diabetes"
14;10;10;"2024-01-10";"Depression"
15;11;11;"2024-01-11";"Kidney Checkup"
16;12;12;"2024-01-12";"Asthma"
17;13;13;"2024-01-13";"Arthritis"
18;14;14;"2024-01-14";"Eye Exam"
19;15;15;"2024-01-15";"Geriatric Checkup"
20;16;16;"2024-01-16";"Anemia"
21;17;17;"2024-01-17";"Prostate Exam"
22;18;18;"2024-01-18";"Allergy Test"
23;19;19;"2024-01-19";"Cosmetic Consultation"
24;20;20;"2024-01-20";"Flu"
