"doctor_id";"name";"specialization";"phone"
1;"Dr. John Smith";"Cardiology";"555-1000"
2;"Dr. Alice Brown";"Neurology";"555-1001"
3;"Dr. David Lee";"Pediatrics";"555-1002"
4;"Dr. John Carter";"Cardiology";"555-3010"
5;"Dr. Sarah Nguyen";"Neurology";"555-3011"
6;"Dr. David Patel";"Pediatrics";"555-3012"
7;"Dr. Laura Kim";"Orthopedics";"555-3013"
8;"Dr. Mark Wilson";"Oncology";"555-3014"
9;"Dr. Jessica Adams";"Dermatology";"555-3015"
10;"Dr. Steven Parker";"ENT";"555-3016"
11;"Dr. Karen Wright";"Gastroenterology";"555-3017"
12;"Dr. Brian King";"Endocrinology";"555-3018"
13;"Dr. Rachel Scott";"Psychiatry";"555-3019"
14;"Dr. Anthony Green";"Nephrology";"555-3020"
15;"Dr. Megan Baker";"Pulmonology";"555-3021"
16;"Dr. Andrew Young";"Rheumatology";"555-3022"
17;"Dr. Nicole Hill";"Ophthalmology";"555-3023"
18;"Dr. Kevin Flores";"Geriatrics";"555-3024"
19;"Dr. Elizabeth Reed";"Hematology";"555-3025"
20;"Dr. Jason Torres";"Urology";"555-3026"
21;"Dr. Amanda Perry";"Allergy & Immunology";"555-3027"
22;"Dr. Charles Rivera";"Plastic Surgery";"555-3028"
23;"Dr. Kimberly Cox";"Infectious Disease";"555-3029"
