"patient_id";"name";"gender";"dob";"phone";"address"
1;"Emily Johnson";"F";"1985-06-15";"555-2001";"123 Elm St"
2;"Michael Davis";"M";"1992-11-20";"555-2002";"456 Pine St"
3;"Sophia Williams";"F";"2000-03-05";"555-2003";"789 Oak St"
4;"Emily Johnson";"F";"1985-06-15";"555-2001";"123 Elm St"
5;"Michael Davis";"M";"1992-11-20";"555-2002";"456 Oak Ave"
6;"Sophia Williams";"F";"2000-03-05";"555-2003";"789 Pine Rd"
7;"James Smith";"M";"1978-02-17";"555-2004";"321 Maple St"
8;"Olivia Brown";"F";"1994-07-29";"555-2005";"654 Birch Ln"
9;"William Jones";"M";"1982-09-12";"555-2006";"987 Cedar Dr"
10;"Ava Garcia";"F";"1997-11-23";"555-2007";"135 Spruce Ct"
11;"Benjamin Miller";"M";"1989-04-08";"555-2008";"246 Chestnut St"
12;"Isabella Martinez";"F";"1991-01-19";"555-2009";"357 Walnut Ave"
13;"Daniel Anderson";"M";"1984-05-04";"555-2010";"468 Ash St"
14;"Mia Thomas";"F";"1996-10-13";"555-2011";"579 Poplar Rd"
15;"Ethan Lee";"M";"1990-03-26";"555-2012";"681 Sycamore Blvd"
16;"Charlotte White";"F";"1987-12-30";"555-2013";"792 Hickory Ln"
17;"Alexander Harris";"M";"1983-08-02";"555-2014";"804 Dogwood St"
18;"Amelia Clark";"F";"1993-09-15";"555-2015";"915 Magnolia Ct"
19;"Henry Lewis";"M";"1986-11-07";"555-2016";"102 Fir St"
20;"Harper Robinson";"F";"1995-04-21";"555-2017";"213 Redwood Dr"
21;"Jack Walker";"M";"1979-06-10";"555-2018";"324 Willow Way"
22;"Evelyn Hall";"F";"1988-07-18";"555-2019";"435 Beech Blvd"
23;"Liam Allen";"M";"1981-02-25";"555-2020";"546 Cypress St"
