"treatment_id";"appointment_id";"treatment_description";"medicine";"cost"
1;1;"Blood pressure medication";"Amlodipine";50.0
2;2;"Pain relief medication";"Ibuprofen";30.0
3;3;"Fever reducer";"Paracetamol";20.0
4;4;"General health check";"Multivitamins";25.0
5;1;"Blood Pressure Medication";"Amlodipine";50.0
6;2;"Pain Relief";"Sumatriptan";30.0
7;3;"Fever Reducer";"Paracetamol";25.0
8;4;"Cast Application";"Plaster";100.0
9;5;"Mammogram";"N/A";300.0
10;6;"Antihistamine Cream";"Hydrocortisone";20.0
11;7;"Antibiotic Drops";"Ciprofloxacin";15.0
12;8;"Endoscopy";"N/A";250.0
13;9;"Insulin Therapy";"Insulin";60.0
14;10;"Counseling Session";"N/A";70.0
15;11;"Dialysis";"N/A";500.0
16;12;"Inhaler";"Albuterol";35.0
17;13;"Anti-inflammatory";"Naproxen";45.0
18;14;"Vision Test";"N/A";25.0
19;15;"Vitamin Supplements";"Multivitamins";30.0
20;16;"Iron Supplements";"Ferrous Sulfate";35.0
21;17;"PSA Test";"N/A";40.0
22;18;"Skin Prick Test";"N/A";80.0
23;19;"Consultation";"N/A";200.0
24;20;"Flu Shot";"Influenza Vaccine";50.0
